{
  "project_info": {
    "project_number": "44829676427",
    "project_id": "studysharing-ed2a4",
    "storage_bucket": "studysharing-ed2a4.appspot.com"
  },
  "client": [
    {
      "client_info": {
        "mobilesdk_app_id": "1:44829676427:android:aad79f8cba34d5e860958e",
        "android_client_info": {
          "package_name": "org.studysharing.studysharing"
        }
      },
      "oauth_client": [
        {
          "client_id": "44829676427-hekl0ga7f2ticq7u3t5i50r9ar3ufs79.apps.googleusercontent.com",
          "client_type": 3
        }
      ],
      "api_key": [
        {
          "current_key": "AIzaSyBjyHmfbZ_kh--53fyrb84sc_WAbYkib8U"
        }
      ],
      "services": {
        "appinvite_service": {
          "other_platform_oauth_client": [
            {
              "client_id": "44829676427-hekl0ga7f2ticq7u3t5i50r9ar3ufs79.apps.googleusercontent.com",
              "client_type": 3
            }
          ]
        }
      }
    }
  ],
  "configuration_version": "1"
}